event_id,start_date,end_date,term,legacy_term,week_code,cycle,weekday,event,category,display_section,audience,priority,is_tbc,source_file,notes
de54d9da,2026-08-10,2026-08-10,Term 1 2026/27,Michaelmas Term,,,Monday,New staff arrival,Academic Key Date,Academic Key Dates,All staff / school,normal,FALSE,WCIB Academic Calendar 2026_27 Final(1).docx,
c9abc2f6,2026-08-11,2026-08-11,Term 1 2026/27,Michaelmas Term,,,Tuesday,New staff HR Focused day,Academic Key Date,Academic Key Dates,All staff / school,normal,FALSE,WCIB Academic Calendar 2026_27 Final(1).docx,
ef29234b,2026-08-12,2026-08-12,Term 1 2026/27,Michaelmas Term,,,Wednesday,School closed,School holiday,Academic Key Dates,All staff / school,high,FALSE,WCIB Academic Calendar 2026_27 Final(1).docx,
5c8204ae,2026-08-13,2026-08-13,Term 1 2026/27,Michaelmas Term,,,Thursday,New Staff induction,Staff training,Academic Key Dates,All staff / school,medium,FALSE,WCIB Academic Calendar 2026_27 Final(1).docx,
99dc7e02,2026-08-14,2026-08-14,Term 1 2026/27,Michaelmas Term,,,Friday,New Staff induction,Staff training,Academic Key Dates,All staff / school,medium,FALSE,WCIB Academic Calendar 2026_27 Final(1).docx,
580ba809,2026-08-17,2026-08-17,Term 1 2026/27,Michaelmas Term,,,Monday,New staff induction,Staff training,Academic Key Dates,All staff / school,medium,FALSE,WCIB Academic Calendar 2026_27 Final(1).docx,
631a18f1,2026-08-17,2026-08-18,Term 1 2026/27,Michaelmas Term,,,,Foundational coaching,Staff training,Academic Key Dates,All staff / school,medium,FALSE,WCIB Academic Calendar 2026_27 Final(1).docx,Aggregated from 2 consecutive daily entries.
517a0421,2026-08-18,2026-08-18,Term 1 2026/27,Michaelmas Term,,,Tuesday,New staff induction,Staff training,Academic Key Dates,All staff / school,medium,FALSE,WCIB Academic Calendar 2026_27 Final(1).docx,
087bf78e,2026-08-19,2026-08-21,Term 1 2026/27,Michaelmas Term,,,,INSET,INSET,Academic Key Dates,All staff / school,normal,FALSE,WCIB Academic Calendar 2026_27 Final(1).docx,Aggregated from 3 consecutive daily entries.
adf7f4d7,2026-08-20,2026-08-20,Term 1 2026/27,Michaelmas Term,,,Thursday,Exeter 0,Exeter,Academic Key Dates,All staff / school,medium,FALSE,WCIB Academic Calendar 2026_27 Final(1).docx,
f7b884c8,2026-08-24,2026-08-24,Term 1 2026/27,Michaelmas Term,M1A,A,Monday,INSET,INSET,Academic Key Dates,All staff / school,normal,FALSE,WCIB Academic Calendar 2026_27 Final(1).docx,
19ee654a,2026-08-25,2026-08-25,Term 1 2026/27,Michaelmas Term,M1A,A,Tuesday,Family orientation day,Term / orientation,Academic Key Dates,All staff / school,high,FALSE,WCIB Academic Calendar 2026_27 Final(1).docx,
bd735d66,2026-08-26,2026-08-26,Term 1 2026/27,Michaelmas Term,M1A,A,Wednesday,IGCSE Celebration,School event,Academic Key Dates,All staff / school,medium,FALSE,WCIB Academic Calendar 2026_27 Final(1).docx,
2eae9de0,2026-08-26,2026-08-26,Term 1 2026/27,Michaelmas Term,M1A,A,Wednesday,Welcome day,Term / orientation,Academic Key Dates,All staff / school,high,FALSE,WCIB Academic Calendar 2026_27 Final(1).docx,
c01a3db7,2026-08-26,2026-12-16,Term 1 2026/27,Michaelmas Term,,,Wednesday,Michaelmas Term,Term / orientation,Academic Key Dates,All staff / school,high,FALSE,WCIB Academic Calendar 2026_27 Final(1).docx,Summary term date
0be32891,2026-09-02,2026-09-02,Term 1 2026/27,Michaelmas Term,M2B,B,Wednesday,"Yr 7, 10 & 12 CAT4 testing",Testing,Academic Key Dates,Y7,high,FALSE,WCIB Academic Calendar 2026_27 Final(1).docx,
6718906b,2026-09-10,2026-09-10,Term 1 2026/27,Michaelmas Term,M3A,A,Thursday,Exeter 1,Exeter,Academic Key Dates,All staff / school,medium,FALSE,WCIB Academic Calendar 2026_27 Final(1).docx,
e624cd67,2026-09-11,2026-09-11,Term 1 2026/27,Michaelmas Term,M3A,A,Friday,External exam review documentation completion due date,Admin deadline,Academic Key Dates,All staff / school,high,FALSE,WCIB Academic Calendar 2026_27 Final(1).docx,
449276c2,2026-09-15,2026-09-15,Term 1 2026/27,Michaelmas Term,M4B,B,Tuesday,New staff lunch time workshop,Staff training,Academic Key Dates,All staff / school,medium,FALSE,WCIB Academic Calendar 2026_27 Final(1).docx,
b1c3727f,2026-09-16,2026-09-16,Term 1 2026/27,Michaelmas Term,M4B,B,Wednesday,Yr 7 Tutor & Teacher PTC,Parent Teacher Conference,Academic Key Dates,Y7,high,FALSE,WCIB Academic Calendar 2026_27 Final(1).docx,
a8eb548c,2026-09-21,2026-09-25,Term 1 2026/27,Michaelmas Term,M5A,A,,Yr 10 progress check,Progress check,Academic Key Dates,Y10,high,FALSE,WCIB Academic Calendar 2026_27 Final(1).docx,Aggregated from 5 consecutive daily entries.
59a09e14,2026-09-22,2026-09-22,Term 1 2026/27,Michaelmas Term,M5A,A,Tuesday,PD Session,Staff training,Academic Key Dates,All staff / school,medium,FALSE,WCIB Academic Calendar 2026_27 Final(1).docx,
8534ddcc,2026-09-23,2026-09-23,Term 1 2026/27,Michaelmas Term,M5A,A,Wednesday,Yr 7 - 13 interim report 0 open (internal use only),Reporting,Academic Key Dates,Y7;Y8;Y9;Y10;Y11;Y12;Y13,high,FALSE,WCIB Academic Calendar 2026_27 Final(1).docx,
9bc6c2c1,2026-09-28,2026-10-02,Term 1 2026/27,Michaelmas Term,M6B,B,,Yr 12 progress check,Progress check,Academic Key Dates,Y12,high,FALSE,WCIB Academic Calendar 2026_27 Final(1).docx,Aggregated from 5 consecutive daily entries.
dbf1e247,2026-09-30,2026-09-30,Term 1 2026/27,Michaelmas Term,M6B,B,Wednesday,Departmental SEF & DIP completion due,Admin deadline,Academic Key Dates,All staff / school,high,FALSE,WCIB Academic Calendar 2026_27 Final(1).docx,
61aac131,2026-10-01,2026-10-01,Term 1 2026/27,Michaelmas Term,M6B,B,Thursday,Exeter 2,Exeter,Academic Key Dates,All staff / school,medium,FALSE,WCIB Academic Calendar 2026_27 Final(1).docx,
0c68faac,2026-10-05,2026-10-05,Term 1 2026/27,Michaelmas Term,M7A,A,Monday,every tutor to made contact by the end of this week,Academic Key Date,Academic Key Dates,All staff / school,normal,FALSE,WCIB Academic Calendar 2026_27 Final(1).docx,
71023552,2026-10-06,2026-10-06,Term 1 2026/27,Michaelmas Term,M7A,A,Tuesday,HoD to check data by this date,Data / analytics,Academic Key Dates,All staff / school,high,FALSE,WCIB Academic Calendar 2026_27 Final(1).docx,
c035d5eb,2026-10-07,2026-10-07,Term 1 2026/27,Michaelmas Term,M7A,A,Wednesday,(internal use only),Academic Key Date,Academic Key Dates,All staff / school,normal,FALSE,WCIB Academic Calendar 2026_27 Final(1).docx,
7023ed49,2026-10-07,2026-10-07,Term 1 2026/27,Michaelmas Term,M7A,A,Wednesday,Yr 7 - 13 interim report 0 closes at 12pm,Reporting,Academic Key Dates,Y7;Y8;Y9;Y10;Y11;Y12;Y13,high,FALSE,WCIB Academic Calendar 2026_27 Final(1).docx,
76071f94,2026-10-08,2026-10-08,Term 1 2026/27,Michaelmas Term,M7A,A,Thursday,Power BI data analysis completion,Data / analytics,Academic Key Dates,All staff / school,high,FALSE,WCIB Academic Calendar 2026_27 Final(1).docx,
26dfcb5e,2026-10-08,2026-10-08,Term 1 2026/27,Michaelmas Term,M7A,A,Thursday,Year 10 PTC,Parent Teacher Conference,Academic Key Dates,Y10,high,FALSE,WCIB Academic Calendar 2026_27 Final(1).docx,
56962519,2026-10-13,2026-10-13,Term 1 2026/27,Michaelmas Term,M8B,B,Tuesday,School closed,School holiday,Academic Key Dates,All staff / school,high,FALSE,WCIB Academic Calendar 2026_27 Final(1).docx,
e61f79ae,2026-10-14,2026-10-14,Term 1 2026/27,Michaelmas Term,M8B,B,Wednesday,Year 11 Options workshop for parents and students (3pm),Staff training,Academic Key Dates,Y11,medium,FALSE,WCIB Academic Calendar 2026_27 Final(1).docx,
2c760708,2026-10-15,2026-10-15,Term 1 2026/27,Michaelmas Term,M8B,B,Thursday,Final change of IGCSE and A Level subjects for Yr 10 & 12,Academic Key Date,Academic Key Dates,Y10;Y11;Y12,normal,FALSE,WCIB Academic Calendar 2026_27 Final(1).docx,
124fb495,2026-10-19,2026-10-23,Term 1 2026/27,Michaelmas Term,,,Monday,Michaelmas Half Term,School holiday,Academic Key Dates,All staff / school,high,FALSE,WCIB Academic Calendar 2026_27 Final(1).docx,Summary half-term
4b8503b2,2026-10-19,2026-10-23,Term 1 2026/27,Michaelmas Term,,,,Michaelmas Half-term,School holiday,Academic Key Dates,All staff / school,high,FALSE,WCIB Academic Calendar 2026_27 Final(1).docx,Aggregated from 5 consecutive daily entries.
793639ce,2026-10-26,2026-10-26,Term 1 2026/27,Michaelmas Term,M9A,A,Monday,Shorter Year 11 Mock week (start),Mock exams,Academic Key Dates,Y11,high,FALSE,WCIB Academic Calendar 2026_27 Final(1).docx,
8740c276,2026-10-27,2026-10-29,Term 1 2026/27,Michaelmas Term,M9A,A,,Shorter Year 11 Mock week,Mock exams,Academic Key Dates,Y11,high,FALSE,WCIB Academic Calendar 2026_27 Final(1).docx,Aggregated from 3 consecutive daily entries.
f778d234,2026-10-29,2026-10-29,Term 1 2026/27,Michaelmas Term,M9A,A,Thursday,Exeter 3,Exeter,Academic Key Dates,All staff / school,medium,FALSE,WCIB Academic Calendar 2026_27 Final(1).docx,
47e95f3b,2026-10-30,2026-10-30,Term 1 2026/27,Michaelmas Term,M9A,A,Friday,Shorter Year 11 Mock week (end),Mock exams,Academic Key Dates,Y11,high,FALSE,WCIB Academic Calendar 2026_27 Final(1).docx,
375e6854,2026-11-02,2026-11-02,Term 1 2026/27,Michaelmas Term,M10B,B,Monday,Year 13 Predicted Grade entry TBC,Academic Key Date,Academic Key Dates,Y13,normal,TRUE,WCIB Academic Calendar 2026_27 Final(1).docx,
9d31e2bc,2026-11-03,2026-11-03,Term 1 2026/27,Michaelmas Term,M10B,B,Tuesday,PD Session,Staff training,Academic Key Dates,All staff / school,medium,FALSE,WCIB Academic Calendar 2026_27 Final(1).docx,
b614e13d,2026-11-04,2026-11-04,Term 1 2026/27,Michaelmas Term,M10B,B,Wednesday,Year 9 Options workshop for parents and students (3pm),Staff training,Academic Key Dates,Y9,medium,FALSE,WCIB Academic Calendar 2026_27 Final(1).docx,
8883f7ef,2026-11-04,2026-11-04,Term 1 2026/27,Michaelmas Term,M10B,B,Wednesday,Yr 12 Interim report 1 opens at 9am,Reporting,Academic Key Dates,Y12,high,FALSE,WCIB Academic Calendar 2026_27 Final(1).docx,
91190c7d,2026-11-05,2026-11-05,Term 1 2026/27,Michaelmas Term,M10B,B,Thursday,Yr 7-11 & 13 Interim report 1 opens at 9am,Reporting,Academic Key Dates,Y7;Y8;Y9;Y10;Y11,high,FALSE,WCIB Academic Calendar 2026_27 Final(1).docx,
c62b876c,2026-11-07,2026-11-07,Term 1 2026/27,Michaelmas Term,,,Saturday,EdFest,School event,Academic Key Dates,HoD/HoF; Staff,medium,FALSE,WCIB Academic Calendar 2026_27 Final(1).docx,Additional key date
21cf7cba,2026-11-09,2026-11-09,Term 1 2026/27,Michaelmas Term,M11A,A,Monday,Year 11 Mock results report open,Mock exams,Academic Key Dates,Y11,high,FALSE,WCIB Academic Calendar 2026_27 Final(1).docx,
30ce7053,2026-11-10,2026-11-10,Term 1 2026/27,Michaelmas Term,M11A,A,Tuesday,New staff lunch time workshop,Staff training,Academic Key Dates,All staff / school,medium,FALSE,WCIB Academic Calendar 2026_27 Final(1).docx,
c6b183ca,2026-11-11,2026-11-11,Term 1 2026/27,Michaelmas Term,M11A,A,Wednesday,Completion date for Year 11 Mock papers marking and standardised within the department/faculty,Mock exams,Academic Key Dates,Y11,high,FALSE,WCIB Academic Calendar 2026_27 Final(1).docx,
cb575842,2026-11-12,2026-11-12,Term 1 2026/27,Michaelmas Term,M11A,A,Thursday,Yr 12 Interim report 1 closes at noon for class teachers,Reporting,Academic Key Dates,Y12,high,FALSE,WCIB Academic Calendar 2026_27 Final(1).docx,
d80b5abf,2026-11-13,2026-11-13,Term 1 2026/27,Michaelmas Term,M11A,A,Friday,Year 11 Mock results report completed by noon,Mock exams,Academic Key Dates,Y11,high,FALSE,WCIB Academic Calendar 2026_27 Final(1).docx,
52126bb1,2026-11-16,2026-11-16,Term 1 2026/27,Michaelmas Term,M12B,B,Monday,Production week,School event,Academic Key Dates,All staff / school,medium,FALSE,WCIB Academic Calendar 2026_27 Final(1).docx,
746f86ef,2026-11-17,2026-11-17,Term 1 2026/27,Michaelmas Term,M12B,B,Tuesday,HoD/HoF checking of the Yr 12 interim report 1 by noon,Reporting,Academic Key Dates,Y12,high,FALSE,WCIB Academic Calendar 2026_27 Final(1).docx,
5f5b00ff,2026-11-17,2026-11-17,Term 1 2026/27,Michaelmas Term,M12B,B,Tuesday,Yr 7-11 & 13 Interim report 1 closes at noon for class teachers,Reporting,Academic Key Dates,Y7;Y8;Y9;Y10;Y11,high,FALSE,WCIB Academic Calendar 2026_27 Final(1).docx,
14227ec2,2026-11-18,2026-11-18,Term 1 2026/27,Michaelmas Term,M12B,B,Wednesday,"Yr 7 – 11, 12 & 13 IR1 student reflection completion",Admin deadline,Academic Key Dates,Y7;Y8;Y9;Y10;Y11;Y12;Y13,high,FALSE,WCIB Academic Calendar 2026_27 Final(1).docx,
f6e8dab3,2026-11-19,2026-11-19,Term 1 2026/27,Michaelmas Term,M12B,B,Thursday,Exeter 4,Exeter,Academic Key Dates,All staff / school,medium,FALSE,WCIB Academic Calendar 2026_27 Final(1).docx,
5857afc8,2026-11-20,2026-11-20,Term 1 2026/27,Michaelmas Term,M12B,B,Friday,HoD/HoF checking of the Yr 7 - 11 & 13 interim report 1 by noon,Reporting,Academic Key Dates,Y7;Y8;Y9;Y10;Y11,high,FALSE,WCIB Academic Calendar 2026_27 Final(1).docx,
efa8d108,2026-11-23,2026-11-23,Term 1 2026/27,Michaelmas Term,M13A,A,Monday,Yr12 HoC & Prefects application deadline,Admin deadline,Academic Key Dates,Y12,high,FALSE,WCIB Academic Calendar 2026_27 Final(1).docx,
a2081290,2026-11-24,2026-11-24,Term 1 2026/27,Michaelmas Term,M13A,A,Tuesday,SLT/HoY checking completion of Yr 12 IR1,Admin deadline,Academic Key Dates,Y12,high,FALSE,WCIB Academic Calendar 2026_27 Final(1).docx,
d9ce90de,2026-11-25,2026-11-25,Term 1 2026/27,Michaelmas Term,M13A,A,Wednesday,Yr 12 Interim report 1 publish to parents,Reporting,Academic Key Dates,Y12,high,FALSE,WCIB Academic Calendar 2026_27 Final(1).docx,
ec0fb0ab,2026-11-26,2026-11-26,Term 1 2026/27,Michaelmas Term,M13A,A,Thursday,Year 12 PTC,Parent Teacher Conference,Academic Key Dates,Y12,high,FALSE,WCIB Academic Calendar 2026_27 Final(1).docx,
dae3f0af,2026-12-01,2026-12-01,Term 1 2026/27,Michaelmas Term,M14B,B,Tuesday,2pm – 4 pm,Academic Key Date,Academic Key Dates,All staff / school,normal,FALSE,WCIB Academic Calendar 2026_27 Final(1).docx,
b7b393f0,2026-12-01,2026-12-01,Term 1 2026/27,Michaelmas Term,M14B,B,Tuesday,IGCSE & A Level Options Fair,Options / transition,Academic Key Dates,All staff / school,medium,FALSE,WCIB Academic Calendar 2026_27 Final(1).docx,
524a7282,2026-12-02,2026-12-02,Term 1 2026/27,Michaelmas Term,M14B,B,Wednesday,SLT/HoY checking completion of Yr 7-11 & 13 IR1,Admin deadline,Academic Key Dates,Y7;Y8;Y9;Y10;Y11,high,FALSE,WCIB Academic Calendar 2026_27 Final(1).docx,
24d622dc,2026-12-03,2026-12-03,Term 1 2026/27,Michaelmas Term,M14B,B,Thursday,Yr 7 - 11 & 13 Interim report 1 publish to parents,Reporting,Academic Key Dates,Y7;Y8;Y9;Y10;Y11,high,FALSE,WCIB Academic Calendar 2026_27 Final(1).docx,
ff4666ab,2026-12-07,2026-12-07,Term 1 2026/27,Michaelmas Term,M15A,A,Monday,School closed,School holiday,Academic Key Dates,All staff / school,high,FALSE,WCIB Academic Calendar 2026_27 Final(1).docx,
955dcc3e,2026-12-09,2026-12-09,Term 1 2026/27,Michaelmas Term,M15A,A,Wednesday,Year 11 PTC,Parent Teacher Conference,Academic Key Dates,Y11,high,FALSE,WCIB Academic Calendar 2026_27 Final(1).docx,
b61cdfcb,2026-12-10,2026-12-10,Term 1 2026/27,Michaelmas Term,M15A,A,Thursday,School closed,School holiday,Academic Key Dates,All staff / school,high,FALSE,WCIB Academic Calendar 2026_27 Final(1).docx,
0c6906c6,2026-12-11,2026-12-11,Term 1 2026/27,Michaelmas Term,M15A,A,Friday,IGCSE & A Level Options choices open,Options / transition,Academic Key Dates,All staff / school,high,FALSE,WCIB Academic Calendar 2026_27 Final(1).docx,
e43e9328,2026-12-16,2026-12-16,Term 1 2026/27,Michaelmas Term,M16B,B,Wednesday,End of Term finishes at 12,Term / orientation,Academic Key Dates,All staff / school,high,FALSE,WCIB Academic Calendar 2026_27 Final(1).docx,
42b58c51,2027-01-06,2027-01-06,Term 2 2026/27,Lent Term,L1A,A,Wednesday,INSET,INSET,Academic Key Dates,All staff / school,normal,FALSE,WCIB Academic Calendar 2026_27 Final(1).docx,
77550bff,2027-01-07,2027-01-07,Term 2 2026/27,Lent Term,L1A,A,Thursday,Term start,Term / orientation,Academic Key Dates,All staff / school,high,FALSE,WCIB Academic Calendar 2026_27 Final(1).docx,
6a3f3d11,2027-01-07,2027-04-02,Term 2 2026/27,Lent Term,,,Thursday,Lent Term,Term / orientation,Academic Key Dates,All staff / school,high,FALSE,WCIB Academic Calendar 2026_27 Final(1).docx,Summary term date
077aa02b,2027-01-11,2027-01-11,Term 2 2026/27,Lent Term,L2B,B,Monday,Year 12&13 Mock week (start),Mock exams,Academic Key Dates,Y12;Y13,high,FALSE,WCIB Academic Calendar 2026_27 Final(1).docx,
d1f34332,2027-01-12,2027-01-14,Term 2 2026/27,Lent Term,L2B,B,,Year 12&13 Mock week,Mock exams,Academic Key Dates,Y12;Y13,high,FALSE,WCIB Academic Calendar 2026_27 Final(1).docx,Aggregated from 3 consecutive daily entries.
42456b60,2027-01-15,2027-01-15,Term 2 2026/27,Lent Term,L2B,B,Friday,Year 12&13 Mock week (end),Mock exams,Academic Key Dates,Y12;Y13,high,FALSE,WCIB Academic Calendar 2026_27 Final(1).docx,
4b9e2737,2027-01-18,2027-01-18,Term 2 2026/27,Lent Term,L3A,A,Monday,Year 12&13 Mock results report open,Mock exams,Academic Key Dates,Y12;Y13,high,FALSE,WCIB Academic Calendar 2026_27 Final(1).docx,
51c07666,2027-01-18,2027-01-18,Term 2 2026/27,Lent Term,L3A,A,Monday,Yr 12&13 Interim report 2 opens at 9am,Reporting,Academic Key Dates,Y12;Y13,high,FALSE,WCIB Academic Calendar 2026_27 Final(1).docx,
cf1fd1fd,2027-01-18,2027-01-18,Term 2 2026/27,Lent Term,L3A,A,Monday,Yr 7-11 Interim report 2 opens,Reporting,Academic Key Dates,Y7;Y8;Y9;Y10;Y11,high,FALSE,WCIB Academic Calendar 2026_27 Final(1).docx,
8dec38c2,2027-01-19,2027-01-19,Term 2 2026/27,Lent Term,L3A,A,Tuesday,New staff lunch time workshop,Staff training,Academic Key Dates,All staff / school,medium,FALSE,WCIB Academic Calendar 2026_27 Final(1).docx,
c4b5ff3e,2027-01-21,2027-01-21,Term 2 2026/27,Lent Term,L3A,A,Thursday,Year 9 PTC,Parent Teacher Conference,Academic Key Dates,Y9,high,FALSE,WCIB Academic Calendar 2026_27 Final(1).docx,
be52a734,2027-01-25,2027-01-25,Term 2 2026/27,Lent Term,L4B,B,Monday,Wellington College UK Annual Review week (TBC),Academic Key Date,Academic Key Dates,All staff / school,normal,TRUE,WCIB Academic Calendar 2026_27 Final(1).docx,
865c2656,2027-01-26,2027-01-26,Term 2 2026/27,Lent Term,L4B,B,Tuesday,Completion date for Year 12&13 Mock papers marking and standardised within the department/faculty,Mock exams,Academic Key Dates,Y12;Y13,high,FALSE,WCIB Academic Calendar 2026_27 Final(1).docx,
3d1c3dc4,2027-01-27,2027-01-27,Term 2 2026/27,Lent Term,L4B,B,Wednesday,Students reflection completion for Yr 7 - 13,Admin deadline,Academic Key Dates,Y7;Y8;Y9;Y10;Y11;Y12;Y13,high,FALSE,WCIB Academic Calendar 2026_27 Final(1).docx,
b00670b5,2027-01-27,2027-01-27,Term 2 2026/27,Lent Term,L4B,B,Wednesday,Year 12&13 Mock results report completed by noon,Mock exams,Academic Key Dates,Y12;Y13,high,FALSE,WCIB Academic Calendar 2026_27 Final(1).docx,
88bcaacb,2027-01-27,2027-01-27,Term 2 2026/27,Lent Term,L4B,B,Wednesday,Yr 12&13 Interim report 2 closes at noon for class teachers,Reporting,Academic Key Dates,Y12;Y13,high,FALSE,WCIB Academic Calendar 2026_27 Final(1).docx,
e23f6318,2027-01-28,2027-01-28,Term 2 2026/27,Lent Term,L4B,B,Thursday,Exeter 5,Exeter,Academic Key Dates,All staff / school,medium,FALSE,WCIB Academic Calendar 2026_27 Final(1).docx,
093f9945,2027-01-28,2027-01-28,Term 2 2026/27,Lent Term,L4B,B,Thursday,Yr 7-11 Interim report 2 closes at noon for class teachers,Reporting,Academic Key Dates,Y7;Y8;Y9;Y10;Y11,high,FALSE,WCIB Academic Calendar 2026_27 Final(1).docx,
8ff98405,2027-01-29,2027-01-29,Term 2 2026/27,Lent Term,L4B,B,Friday,HoD/HoF checking of the Yr 12 & 13 report 2 & mock results by noon,Mock exams,Academic Key Dates,Y12;Y13,high,FALSE,WCIB Academic Calendar 2026_27 Final(1).docx,
d5a04d9d,2027-01-29,2027-01-29,Term 2 2026/27,Lent Term,L4B,B,Friday,IGCSE & A Level Options choice submission deadline,Options / transition,Academic Key Dates,All staff / school,high,FALSE,WCIB Academic Calendar 2026_27 Final(1).docx,
27f7ee75,2027-01-29,2027-01-29,Term 2 2026/27,Lent Term,L4B,B,Friday,Yr 12&13 Interim report 2 completion with tutor comments,Reporting,Academic Key Dates,Y12;Y13,high,FALSE,WCIB Academic Calendar 2026_27 Final(1).docx,
47f4ceb4,2027-02-01,2027-02-01,Term 2 2026/27,Lent Term,L5A,A,Monday,SLT/HoY checking Yr 12&13 Mock results by noon,Mock exams,Academic Key Dates,Y12;Y13,high,FALSE,WCIB Academic Calendar 2026_27 Final(1).docx,
edb81e4c,2027-02-01,2027-02-01,Term 2 2026/27,Lent Term,L5A,A,Monday,Yr 7-11 Interim report 2 completion with tutor comments,Reporting,Academic Key Dates,Y7;Y8;Y9;Y10;Y11,high,FALSE,WCIB Academic Calendar 2026_27 Final(1).docx,
910cbcb2,2027-02-02,2027-02-02,Term 2 2026/27,Lent Term,L5A,A,Tuesday,HoD/HoF checking of the Yr 7-11 Interim report 2 by noon,Reporting,Academic Key Dates,Y7;Y8;Y9;Y10;Y11,high,FALSE,WCIB Academic Calendar 2026_27 Final(1).docx,
efc37dd4,2027-02-02,2027-02-02,Term 2 2026/27,Lent Term,L5A,A,Tuesday,PD Session,Staff training,Academic Key Dates,All staff / school,medium,FALSE,WCIB Academic Calendar 2026_27 Final(1).docx,
fdd43c50,2027-02-02,2027-02-02,Term 2 2026/27,Lent Term,L5A,A,Tuesday,Year 12&13 Mock results publish to parents,Mock exams,Academic Key Dates,Y12;Y13,high,FALSE,WCIB Academic Calendar 2026_27 Final(1).docx,
005a58cc,2027-02-03,2027-02-03,Term 2 2026/27,Lent Term,L5A,A,Wednesday,Power BI data analysis completion,Data / analytics,Academic Key Dates,All staff / school,high,FALSE,WCIB Academic Calendar 2026_27 Final(1).docx,
b831e299,2027-02-05,2027-02-05,Term 2 2026/27,Lent Term,L5A,A,Friday,SLT/HoY checking completion of Yr 12 & 13 Interim Report 2 by noon,Reporting,Academic Key Dates,Y12;Y13,high,FALSE,WCIB Academic Calendar 2026_27 Final(1).docx,
2e8d09b1,2027-02-08,2027-02-08,Term 2 2026/27,Lent Term,L6B,B,Monday,Yr 12 & 13 Interim report 2 publish to parents,Reporting,Academic Key Dates,Y12;Y13,high,FALSE,WCIB Academic Calendar 2026_27 Final(1).docx,
85722123,2027-02-09,2027-02-09,Term 2 2026/27,Lent Term,L6B,B,Tuesday,SLT/HoY checking completion of Yr 7-11 Interim report 2 by noon,Reporting,Academic Key Dates,Y7;Y8;Y9;Y10;Y11,high,FALSE,WCIB Academic Calendar 2026_27 Final(1).docx,
f9c0937c,2027-02-10,2027-02-10,Term 2 2026/27,Lent Term,L6B,B,Wednesday,Year 13 PTC,Parent Teacher Conference,Academic Key Dates,Y13,high,FALSE,WCIB Academic Calendar 2026_27 Final(1).docx,
643fe075,2027-02-10,2027-02-10,Term 2 2026/27,Lent Term,L6B,B,Wednesday,Yr 7-11 Interim report 2 publish to parents,Reporting,Academic Key Dates,Y7;Y8;Y9;Y10;Y11,high,FALSE,WCIB Academic Calendar 2026_27 Final(1).docx,
9ba53b0f,2027-02-15,2027-02-19,Term 2 2026/27,Lent Term,,,Monday,Lent Half Term,School holiday,Academic Key Dates,All staff / school,high,FALSE,WCIB Academic Calendar 2026_27 Final(1).docx,Summary half-term
54da7cf0,2027-02-15,2027-02-19,Term 2 2026/27,Lent Term,,,,Lent Half-Term,School holiday,Academic Key Dates,All staff / school,high,FALSE,WCIB Academic Calendar 2026_27 Final(1).docx,Aggregated from 5 consecutive daily entries.
78041853,2027-02-22,2027-02-22,Term 2 2026/27,Lent Term,L7A,A,Monday,Year 11 Mock week (start),Mock exams,Academic Key Dates,Y11,high,FALSE,WCIB Academic Calendar 2026_27 Final(1).docx,
05f6459a,2027-02-22,2027-02-26,Term 2 2026/27,Lent Term,L7A,A,,Adventure week (Yr 7-9),Trips / enrichment,Academic Key Dates,Y7;Y8;Y9,medium,FALSE,WCIB Academic Calendar 2026_27 Final(1).docx,Aggregated from 5 consecutive daily entries.
b9667dd8,2027-02-22,2027-02-26,Term 2 2026/27,Lent Term,L7A,A,,DoE (Yr 10),Trips / enrichment,Academic Key Dates,Y10,medium,FALSE,WCIB Academic Calendar 2026_27 Final(1).docx,Aggregated from 5 consecutive daily entries.
9f6265dd,2027-02-22,2027-02-26,Term 2 2026/27,Lent Term,L7A,A,,Sixth form bespoke week,Trips / enrichment,Academic Key Dates,All staff / school,medium,FALSE,WCIB Academic Calendar 2026_27 Final(1).docx,Aggregated from 5 consecutive daily entries.
66f547a9,2027-02-23,2027-02-26,Term 2 2026/27,Lent Term,L7A,A,,Year 11 Mock week,Mock exams,Academic Key Dates,Y11,high,FALSE,WCIB Academic Calendar 2026_27 Final(1).docx,Aggregated from 4 consecutive daily entries.
c12d345c,2027-02-25,2027-02-25,Term 2 2026/27,Lent Term,L7A,A,Thursday,Exeter 6,Exeter,Academic Key Dates,All staff / school,medium,FALSE,WCIB Academic Calendar 2026_27 Final(1).docx,
096cc6b4,2027-03-01,2027-03-01,Term 2 2026/27,Lent Term,L8B,B,Monday,Year 11 Mock week,Mock exams,Academic Key Dates,Y11,high,FALSE,WCIB Academic Calendar 2026_27 Final(1).docx,
697196ac,2027-03-01,2027-03-01,Term 2 2026/27,Lent Term,L8B,B,Monday,Yr 7- 10 Interim report 3 open,Reporting,Academic Key Dates,Y7;Y8;Y9;Y10,high,FALSE,WCIB Academic Calendar 2026_27 Final(1).docx,
ff3ce015,2027-03-02,2027-03-02,Term 2 2026/27,Lent Term,L8B,B,Tuesday,New staff lunch time workshop,Staff training,Academic Key Dates,All staff / school,medium,FALSE,WCIB Academic Calendar 2026_27 Final(1).docx,
1bdd3742,2027-03-02,2027-03-02,Term 2 2026/27,Lent Term,L8B,B,Tuesday,Year 11 Mock week (end),Mock exams,Academic Key Dates,Y11,high,FALSE,WCIB Academic Calendar 2026_27 Final(1).docx,
e7bbe7ad,2027-03-03,2027-03-03,Term 2 2026/27,Lent Term,L8B,B,Wednesday,Year 11 Mock results report open,Mock exams,Academic Key Dates,Y11,high,FALSE,WCIB Academic Calendar 2026_27 Final(1).docx,
05b1bca9,2027-03-03,2027-03-03,Term 2 2026/27,Lent Term,L8B,B,Wednesday,"Year 11, 12 & 13 report 3 (Full) opens",Reporting,Academic Key Dates,Y11;Y12;Y13,high,FALSE,WCIB Academic Calendar 2026_27 Final(1).docx,
8e3923c0,2027-03-04,2027-03-04,Term 2 2026/27,Lent Term,L8B,B,Thursday,Year 7 PTC 2,Parent Teacher Conference,Academic Key Dates,Y7,high,FALSE,WCIB Academic Calendar 2026_27 Final(1).docx,
007ec810,2027-03-09,2027-03-09,Term 2 2026/27,Lent Term,L9A,A,Tuesday,PD Session,Staff training,Academic Key Dates,All staff / school,medium,FALSE,WCIB Academic Calendar 2026_27 Final(1).docx,
a2fea50b,2027-03-09,2027-03-09,Term 2 2026/27,Lent Term,L9A,A,Tuesday,Yr 7- 10 Interim report 3 closes for class teachers at noon,Reporting,Academic Key Dates,Y7;Y8;Y9;Y10,high,FALSE,WCIB Academic Calendar 2026_27 Final(1).docx,
4393486e,2027-03-10,2027-03-10,Term 2 2026/27,Lent Term,L9A,A,Wednesday,Student reflection completion for all year groups,Admin deadline,Academic Key Dates,All staff / school,high,FALSE,WCIB Academic Calendar 2026_27 Final(1).docx,
e84f5bf7,2027-03-11,2027-03-11,Term 2 2026/27,Lent Term,L9A,A,Thursday,Completion date for Year 11 Mock papers marking and standardised within the department/faculty,Mock exams,Academic Key Dates,Y11,high,FALSE,WCIB Academic Calendar 2026_27 Final(1).docx,
9a2b3480,2027-03-11,2027-03-11,Term 2 2026/27,Lent Term,L9A,A,Thursday,Year 11 Mock results report completed by noon,Mock exams,Academic Key Dates,Y11,high,FALSE,WCIB Academic Calendar 2026_27 Final(1).docx,
11e039e4,2027-03-12,2027-03-12,Term 2 2026/27,Lent Term,L9A,A,Friday,HoD/HoF checking of the Yr 7-10 report 3 by noon,Reporting,Academic Key Dates,Y7;Y8;Y9;Y10,high,FALSE,WCIB Academic Calendar 2026_27 Final(1).docx,
7f7e6b41,2027-03-12,2027-03-12,Term 2 2026/27,Lent Term,L9A,A,Friday,"Year 11, 12& 13 (Full) report 3 closes for class teachers",Reporting,Academic Key Dates,Y11;Y12;Y13,high,FALSE,WCIB Academic Calendar 2026_27 Final(1).docx,
da3ef571,2027-03-12,2027-03-12,Term 2 2026/27,Lent Term,L9A,A,Friday,Yr 7-10 Interim report 3 completion with tutor comments,Reporting,Academic Key Dates,Y7;Y8;Y9;Y10,high,FALSE,WCIB Academic Calendar 2026_27 Final(1).docx,
56134f39,2027-03-16,2027-03-16,Term 2 2026/27,Lent Term,L10B,B,Tuesday,"Yr 11, 12& 13 (Full) report 3 completion with tutor comments by noon",Reporting,Academic Key Dates,Y11;Y12;Y13,high,FALSE,WCIB Academic Calendar 2026_27 Final(1).docx,
28966c6f,2027-03-17,2027-03-17,Term 2 2026/27,Lent Term,L10B,B,Wednesday,"HoD/HoF checking of the Yr 11, 12 & 13 report 3 & Mock results by noon",Mock exams,Academic Key Dates,Y11;Y12;Y13,high,FALSE,WCIB Academic Calendar 2026_27 Final(1).docx,
9055980a,2027-03-17,2027-03-17,Term 2 2026/27,Lent Term,L10B,B,Wednesday,Year 11 Mock results publish to parents,Mock exams,Academic Key Dates,Y11,high,FALSE,WCIB Academic Calendar 2026_27 Final(1).docx,
7504ab8d,2027-03-18,2027-03-18,Term 2 2026/27,Lent Term,L10B,B,Thursday,Exeter 7,Exeter,Academic Key Dates,All staff / school,medium,FALSE,WCIB Academic Calendar 2026_27 Final(1).docx,
4866eba7,2027-03-18,2027-03-18,Term 2 2026/27,Lent Term,L10B,B,Thursday,Power BI data analysis completion,Data / analytics,Academic Key Dates,All staff / school,high,FALSE,WCIB Academic Calendar 2026_27 Final(1).docx,
f89e67e2,2027-03-22,2027-03-22,Term 2 2026/27,Lent Term,L11A,A,Monday,SLT/HoY checking completion of Yr 8 Interim Report 3 by noon,Reporting,Academic Key Dates,Y8,high,FALSE,WCIB Academic Calendar 2026_27 Final(1).docx,
c5e84408,2027-03-23,2027-03-23,Term 2 2026/27,Lent Term,L11A,A,Tuesday,Year 8 report 3 publish to parents,Reporting,Academic Key Dates,Y8,high,FALSE,WCIB Academic Calendar 2026_27 Final(1).docx,
6bfeb673,2027-03-24,2027-03-24,Term 2 2026/27,Lent Term,L11A,A,Wednesday,"SLT/HoY checking completion of Yr 11, 12 & 13 (Full) Report 3 by noon",Reporting,Academic Key Dates,Y11;Y12;Y13,high,FALSE,WCIB Academic Calendar 2026_27 Final(1).docx,
3bacfa58,2027-03-24,2027-03-24,Term 2 2026/27,Lent Term,L11A,A,Wednesday,Year 8 PTC,Parent Teacher Conference,Academic Key Dates,Y8,high,FALSE,WCIB Academic Calendar 2026_27 Final(1).docx,
fc3ff027,2027-03-25,2027-03-25,Term 2 2026/27,Lent Term,L11A,A,Thursday,"Year 11, 12& 13 (Full) report 3 publish to parents",Reporting,Academic Key Dates,Y11;Y12;Y13,high,FALSE,WCIB Academic Calendar 2026_27 Final(1).docx,
95d1c6f6,2027-03-26,2027-03-26,Term 2 2026/27,Lent Term,L11A,A,Friday,"SLT/HoY checking completion of Yr 7, 9, 10 Interim Report 3 by noon",Reporting,Academic Key Dates,Y7,high,FALSE,WCIB Academic Calendar 2026_27 Final(1).docx,
06c1f3a3,2027-03-29,2027-03-29,Term 2 2026/27,Lent Term,L12B,B,Monday,"Yr 7, 9, 10 Interim report 3 publish to parents",Reporting,Academic Key Dates,Y7,high,FALSE,WCIB Academic Calendar 2026_27 Final(1).docx,
34ebbe3a,2027-04-02,2027-04-02,Term 2 2026/27,Lent Term,L12B,B,Friday,Term end at 12,Term / orientation,Academic Key Dates,All staff / school,high,FALSE,WCIB Academic Calendar 2026_27 Final(1).docx,
2596d1aa,2027-04-19,2027-04-19,Term 3 2026/27,Summer Term,S1A,A,Monday,Term start,Term / orientation,Academic Key Dates,All staff / school,high,FALSE,WCIB Academic Calendar 2026_27 Final(1).docx,
63461867,2027-04-19,2027-06-30,Term 3 2026/27,Summer Term,,,Monday,Summer Term,Term / orientation,Academic Key Dates,All staff / school,high,FALSE,WCIB Academic Calendar 2026_27 Final(1).docx,Summary term date
73279fa4,2027-04-27,2027-04-27,Term 3 2026/27,Summer Term,S2B,B,Tuesday,New staff lunch time workshop,Staff training,Academic Key Dates,All staff / school,medium,FALSE,WCIB Academic Calendar 2026_27 Final(1).docx,
828819b9,2027-04-29,2027-04-29,Term 3 2026/27,Summer Term,S2B,B,Thursday,Exeter 8,Exeter,Academic Key Dates,All staff / school,medium,FALSE,WCIB Academic Calendar 2026_27 Final(1).docx,
9fcf3927,2027-05-03,2027-05-03,Term 3 2026/27,Summer Term,S3A,A,Monday,Bridging the gap work deadline,Admin deadline,Academic Key Dates,All staff / school,high,FALSE,WCIB Academic Calendar 2026_27 Final(1).docx,
355403ee,2027-05-04,2027-05-04,Term 3 2026/27,Summer Term,S3A,A,Tuesday,School closed,School holiday,Academic Key Dates,All staff / school,high,FALSE,WCIB Academic Calendar 2026_27 Final(1).docx,
38186f62,2027-05-05,2027-05-05,Term 3 2026/27,Summer Term,S3A,A,Wednesday,Year 10 summer exams (start),Internal exams / assessment,Academic Key Dates,Y10,high,FALSE,WCIB Academic Calendar 2026_27 Final(1).docx,
31d4e96f,2027-05-06,2027-05-07,Term 3 2026/27,Summer Term,S3A,A,,Year 10 summer exams,Internal exams / assessment,Academic Key Dates,Y10,high,FALSE,WCIB Academic Calendar 2026_27 Final(1).docx,Aggregated from 2 consecutive daily entries.
8e803188,2027-05-10,2027-05-10,Term 3 2026/27,Summer Term,S4B,B,Monday,Year 10 summer exams,Internal exams / assessment,Academic Key Dates,Y10,high,FALSE,WCIB Academic Calendar 2026_27 Final(1).docx,
1c394d04,2027-05-11,2027-05-11,Term 3 2026/27,Summer Term,S4B,B,Tuesday,PD Session,Staff training,Academic Key Dates,All staff / school,medium,FALSE,WCIB Academic Calendar 2026_27 Final(1).docx,
d458b56b,2027-05-11,2027-05-11,Term 3 2026/27,Summer Term,S4B,B,Tuesday,Year 10 summer exams (ends),Internal exams / assessment,Academic Key Dates,Y10,high,FALSE,WCIB Academic Calendar 2026_27 Final(1).docx,
bf7c5cee,2027-05-12,2027-05-12,Term 3 2026/27,Summer Term,S4B,B,Wednesday,Year 10 (Full) report 4 opens,Reporting,Academic Key Dates,Y10,high,FALSE,WCIB Academic Calendar 2026_27 Final(1).docx,
e2490be3,2027-05-20,2027-05-20,Term 3 2026/27,Summer Term,S5A,A,Thursday,Exeter 9,Exeter,Academic Key Dates,All staff / school,medium,FALSE,WCIB Academic Calendar 2026_27 Final(1).docx,
7f8eff21,2027-05-21,2027-05-21,Term 3 2026/27,Summer Term,S5A,A,Friday,Yr13 content begins for year 12 TBC,Academic Key Date,Academic Key Dates,Y12;Y13,normal,TRUE,WCIB Academic Calendar 2026_27 Final(1).docx,
5a9337e7,2027-05-25,2027-05-25,Term 3 2026/27,Summer Term,S6B,B,Tuesday,Year 10 (Full) report 4 closes for class teachers by noon,Reporting,Academic Key Dates,Y10,high,FALSE,WCIB Academic Calendar 2026_27 Final(1).docx,
35f392ec,2027-05-26,2027-05-26,Term 3 2026/27,Summer Term,S6B,B,Wednesday,Yr 10 Student reflection,Academic Key Date,Academic Key Dates,Y10,normal,FALSE,WCIB Academic Calendar 2026_27 Final(1).docx,
dc83920a,2027-05-28,2027-05-28,Term 3 2026/27,Summer Term,S6B,B,Friday,HoD/HoF checking of the Yr 10 report 4 by noon,Reporting,Academic Key Dates,Y10,high,FALSE,WCIB Academic Calendar 2026_27 Final(1).docx,
bedc18ab,2027-05-28,2027-05-28,Term 3 2026/27,Summer Term,S6B,B,Friday,Year 10 (Full) report 4 completion including tutor comments by noon,Reporting,Academic Key Dates,Y10,high,FALSE,WCIB Academic Calendar 2026_27 Final(1).docx,
87db4a16,2027-05-31,2027-06-02,Term 3 2026/27,Summer Term,S7A,A,,Yr 7-9 Summer exams,Internal exams / assessment,Academic Key Dates,Y7;Y8;Y9,high,FALSE,WCIB Academic Calendar 2026_27 Final(1).docx,Aggregated from 3 consecutive daily entries.
72138ad2,2027-06-03,2027-06-04,Term 3 2026/27,Summer Term,S7A,A,,School closed,School holiday,Academic Key Dates,All staff / school,high,FALSE,WCIB Academic Calendar 2026_27 Final(1).docx,Aggregated from 2 consecutive daily entries.
d4055fd9,2027-06-07,2027-06-07,Term 3 2026/27,Summer Term,S8B,B,Monday,Year 7-9 (Full) report 4 opens,Reporting,Academic Key Dates,Y7;Y8;Y9,high,FALSE,WCIB Academic Calendar 2026_27 Final(1).docx,
aecee04b,2027-06-08,2027-06-08,Term 3 2026/27,Summer Term,S8B,B,Tuesday,SLT/HoY checking completion of Yr 10 (Full) Report 4 by noon,Reporting,Academic Key Dates,Y10,high,FALSE,WCIB Academic Calendar 2026_27 Final(1).docx,
f10f3535,2027-06-09,2027-06-09,Term 3 2026/27,Summer Term,S8B,B,Wednesday,Yr 10 (Full) report 4 publish to parents,Reporting,Academic Key Dates,Y10,high,FALSE,WCIB Academic Calendar 2026_27 Final(1).docx,
780051c6,2027-06-10,2027-06-10,Term 3 2026/27,Summer Term,S8B,B,Thursday,Exeter 10,Exeter,Academic Key Dates,All staff / school,medium,FALSE,WCIB Academic Calendar 2026_27 Final(1).docx,
2db945bf,2027-06-15,2027-06-15,Term 3 2026/27,Summer Term,S9A,A,Tuesday,PD Session,Staff training,Academic Key Dates,All staff / school,medium,FALSE,WCIB Academic Calendar 2026_27 Final(1).docx,
071ddc1e,2027-06-15,2027-06-15,Term 3 2026/27,Summer Term,S9A,A,Tuesday,Year 7-9 (Full) report 4 closes for class teachers by noon,Reporting,Academic Key Dates,Y7;Y8;Y9,high,FALSE,WCIB Academic Calendar 2026_27 Final(1).docx,
b5396da9,2027-06-16,2027-06-16,Term 3 2026/27,Summer Term,S9A,A,Wednesday,Yr 7-9 student reflection,Academic Key Date,Academic Key Dates,Y7;Y8;Y9,normal,FALSE,WCIB Academic Calendar 2026_27 Final(1).docx,
57b73e4d,2027-06-18,2027-06-18,Term 3 2026/27,Summer Term,S9A,A,Friday,HoD/HoF checking of the Yr 7-9 report 4 by noon,Reporting,Academic Key Dates,Y7;Y8;Y9,high,FALSE,WCIB Academic Calendar 2026_27 Final(1).docx,
d6bbbd44,2027-06-18,2027-06-18,Term 3 2026/27,Summer Term,S9A,A,Friday,Year 7-9 (Full) report 4 completion including tutor comments,Reporting,Academic Key Dates,Y7;Y8;Y9,high,FALSE,WCIB Academic Calendar 2026_27 Final(1).docx,
1598f18a,2027-06-21,2027-06-22,Term 3 2026/27,Summer Term,S10B,B,,Yr11 into 12 transition days,Options / transition,Academic Key Dates,Y11,medium,FALSE,WCIB Academic Calendar 2026_27 Final(1).docx,Aggregated from 2 consecutive daily entries.
b00681c3,2027-06-25,2027-06-25,Term 3 2026/27,Summer Term,S10B,B,Friday,SLT/HoY checking completion of Yr 7-9 (Full) Report 4 by noon,Reporting,Academic Key Dates,Y7;Y8;Y9,high,FALSE,WCIB Academic Calendar 2026_27 Final(1).docx,
88bdb218,2027-06-28,2027-06-28,Term 3 2026/27,Summer Term,S11A,A,Monday,Yr 7-9 (Full) report 4 publish to parents,Reporting,Academic Key Dates,Y7;Y8;Y9,high,FALSE,WCIB Academic Calendar 2026_27 Final(1).docx,
c69dd6c6,2027-06-30,2027-06-30,Term 3 2026/27,Summer Term,S11A,A,Wednesday,Term end at 12,Term / orientation,Academic Key Dates,All staff / school,high,FALSE,WCIB Academic Calendar 2026_27 Final(1).docx,
400bff62,,,Term 1 2026/27,Michaelmas Term,,,,Open Morning/day,School event,Academic Key Dates,All staff / school,medium,TRUE,WCIB Academic Calendar 2026_27 Final(1).docx,Date TBC
